Page	Name      	Palette 	C0 (rgb555)	C1 (rgb555)	Unset color (C0')	Border (C0'')	Set color (C1')
001 	Bulbasaur 	üíö GREEN 	20,26,16	09,20,11	    #CED2CA	    #D4D7D1	    #2A3C2C
002 	Ivysaur   	üíö GREEN 	20,26,16	09,20,11	    #CED2CA	    #D4D7D1	    #2A3C2C
003 	Venusaur  	üíö GREEN 	20,26,16	09,20,11	    #CED2CA	    #D4D7D1	    #2A3C2C
004 	Charmander	‚ù§Ô∏è RED   	31,20,10	26,10,06	    #D7CFC9	    #DBD5D1	    #4F3026
005 	Charmeleon	‚ù§Ô∏è RED   	31,20,10	26,10,06	    #D7CFC9	    #DBD5D1	    #4F3026
006 	Charizard 	‚ù§Ô∏è RED   	31,20,10	26,10,06	    #D7CFC9	    #DBD5D1	    #4F3026
007 	Squirtle  	ü©µ CYAN  	21,25,29	14,19,25	    #CBD1D8	    #D2D7DC	    #29394C
008 	Wartortle 	ü©µ CYAN  	21,25,29	14,19,25	    #CBD1D8	    #D2D7DC	    #29394C
009 	Blastoise 	ü©µ CYAN  	21,25,29	14,19,25	    #CBD1D8	    #D2D7DC	    #29394C
010 	Caterpie  	üíö GREEN 	20,26,16	09,20,11	    #CED2CA	    #D4D7D1	    #2A3C2C
011 	Metapod   	üíö GREEN 	20,26,16	09,20,11	    #CED2CA	    #D4D7D1	    #2A3C2C
012 	Butterfree	ü©µ CYAN  	21,25,29	14,19,25	    #CBD1D8	    #D2D7DC	    #29394C
013 	Weedle    	üíõ YELLOW	31,28,14	26,20,00	    #D3D0C9	    #D8D6D0	    #493C22
014 	Kakuna    	üíõ YELLOW	31,28,14	26,20,00	    #D3D0C9	    #D8D6D0	    #493C22
015 	Beedrill  	üíõ YELLOW	31,28,14	26,20,00	    #D3D0C9	    #D8D6D0	    #493C22
016 	Pidgey    	ü§é BROWN 	28,20,15	21,14,09	    #D7CFCA	    #DBD5D1	    #473427
017 	Pidgeotto 	ü§é BROWN 	28,20,15	21,14,09	    #D7CFCA	    #DBD5D1	    #473427
018 	Pidgeot   	ü§é BROWN 	28,20,15	21,14,09	    #D7CFCA	    #DBD5D1	    #473427
019 	Rattata   	ü©∂ GRAY  	26,21,22	15,15,18	    #D4CFD0	    #D8D5D6	    #35364B
020 	Raticate  	ü©∂ GRAY  	26,21,22	15,15,18	    #D4CFD0	    #D8D5D6	    #35364B
021 	Spearow   	ü§é BROWN 	28,20,15	21,14,09	    #D7CFCA	    #DBD5D1	    #473427
022 	Fearow    	ü§é BROWN 	28,20,15	21,14,09	    #D7CFCA	    #DBD5D1	    #473427
023 	Ekans     	üíú PURPLE	27,22,24	21,15,23	    #D8CED2	    #DBD4D7	    #413345
024 	Arbok     	üíú PURPLE	27,22,24	21,15,23	    #D8CED2	    #DBD4D7	    #413345
025 	Pikachu   	üíõ YELLOW	31,28,14	26,20,00	    #D3D0C9	    #D8D6D0	    #493C22
026 	Raichu    	üíõ YELLOW	31,28,14	26,20,00	    #D3D0C9	    #D8D6D0	    #493C22
027 	Sandshrew 	ü§é BROWN 	28,20,15	21,14,09	    #D7CFCA	    #DBD5D1	    #473427
028 	Sandslash 	ü§é BROWN 	28,20,15	21,14,09	    #D7CFCA	    #DBD5D1	    #473427
029 	Nidoran‚ôÄ  	üíô BLUE  	18,20,27	11,15,23	    #CFD0D8	    #D4D6DC	    #2F374C
030 	Nidorina  	üíô BLUE  	18,20,27	11,15,23	    #CFD0D8	    #D4D6DC	    #2F374C
031 	Nidoqueen 	üíô BLUE  	18,20,27	11,15,23	    #CFD0D8	    #D4D6DC	    #2F374C
032 	Nidoran‚ôÇ  	üíú PURPLE	27,22,24	21,15,23	    #D8CED2	    #DBD4D7	    #413345
033 	Nidorino  	üíú PURPLE	27,22,24	21,15,23	    #D8CED2	    #DBD4D7	    #413345
034 	Nidoking  	üíú PURPLE	27,22,24	21,15,23	    #D8CED2	    #DBD4D7	    #413345
035 	Clefairy  	ü©∑ PINK  	30,22,24	28,15,21	    #D8CED0	    #DCD4D6	    #4A303B
036 	Clefable  	ü©∑ PINK  	30,22,24	28,15,21	    #D8CED0	    #DCD4D6	    #4A303B
037 	Vulpix    	‚ù§Ô∏è RED   	31,20,10	26,10,06	    #D7CFC9	    #DBD5D1	    #4F3026
038 	Ninetales 	üíõ YELLOW	31,28,14	26,20,00	    #D3D0C9	    #D8D6D0	    #493C22
039 	Jigglypuff	ü©∑ PINK  	30,22,24	28,15,21	    #D8CED0	    #DCD4D6	    #4A303B
040 	Wigglytuff	ü©∑ PINK  	30,22,24	28,15,21	    #D8CED0	    #DCD4D6	    #4A303B
041 	Zubat     	üíô BLUE  	18,20,27	11,15,23	    #CFD0D8	    #D4D6DC	    #2F374C
042 	Golbat    	üíô BLUE  	18,20,27	11,15,23	    #CFD0D8	    #D4D6DC	    #2F374C
043 	Oddish    	üíö GREEN 	20,26,16	09,20,11	    #CED2CA	    #D4D7D1	    #2A3C2C
044 	Gloom     	‚ù§Ô∏è RED   	31,20,10	26,10,06	    #D7CFC9	    #DBD5D1	    #4F3026
045 	Vileplume 	‚ù§Ô∏è RED   	31,20,10	26,10,06	    #D7CFC9	    #DBD5D1	    #4F3026
046 	Paras     	‚ù§Ô∏è RED   	31,20,10	26,10,06	    #D7CFC9	    #DBD5D1	    #4F3026
047 	Parasect  	‚ù§Ô∏è RED   	31,20,10	26,10,06	    #D7CFC9	    #DBD5D1	    #4F3026
048 	Venonat   	üíú PURPLE	27,22,24	21,15,23	    #D8CED2	    #DBD4D7	    #413345
049 	Venomoth  	üíú PURPLE	27,22,24	21,15,23	    #D8CED2	    #DBD4D7	    #413345
050 	Diglett   	ü§é BROWN 	28,20,15	21,14,09	    #D7CFCA	    #DBD5D1	    #473427
051 	Dugtrio   	ü§é BROWN 	28,20,15	21,14,09	    #D7CFCA	    #DBD5D1	    #473427
052 	Meowth    	üíõ YELLOW	31,28,14	26,20,00	    #D3D0C9	    #D8D6D0	    #493C22
053 	Persian   	üíõ YELLOW	31,28,14	26,20,00	    #D3D0C9	    #D8D6D0	    #493C22
054 	Psyduck   	üíõ YELLOW	31,28,14	26,20,00	    #D3D0C9	    #D8D6D0	    #493C22
055 	Golduck   	ü©µ CYAN  	21,25,29	14,19,25	    #CBD1D8	    #D2D7DC	    #29394C
056 	Mankey    	ü§é BROWN 	28,20,15	21,14,09	    #D7CFCA	    #DBD5D1	    #473427
057 	Primeape  	ü§é BROWN 	28,20,15	21,14,09	    #D7CFCA	    #DBD5D1	    #473427
058 	Growlithe 	ü§é BROWN 	28,20,15	21,14,09	    #D7CFCA	    #DBD5D1	    #473427
059 	Arcanine  	‚ù§Ô∏è RED   	31,20,10	26,10,06	    #D7CFC9	    #DBD5D1	    #4F3026
060 	Poliwag   	üíô BLUE  	18,20,27	11,15,23	    #CFD0D8	    #D4D6DC	    #2F374C
061 	Poliwhirl 	üíô BLUE  	18,20,27	11,15,23	    #CFD0D8	    #D4D6DC	    #2F374C
062 	Poliwrath 	üíô BLUE  	18,20,27	11,15,23	    #CFD0D8	    #D4D6DC	    #2F374C
063 	Abra      	üíõ YELLOW	31,28,14	26,20,00	    #D3D0C9	    #D8D6D0	    #493C22
064 	Kadabra   	üíõ YELLOW	31,28,14	26,20,00	    #D3D0C9	    #D8D6D0	    #493C22
065 	Alakazam  	üíõ YELLOW	31,28,14	26,20,00	    #D3D0C9	    #D8D6D0	    #493C22
066 	Machop    	ü©∂ GRAY  	26,21,22	15,15,18	    #D4CFD0	    #D8D5D6	    #35364B
067 	Machoke   	ü©∂ GRAY  	26,21,22	15,15,18	    #D4CFD0	    #D8D5D6	    #35364B
068 	Machamp   	ü©∂ GRAY  	26,21,22	15,15,18	    #D4CFD0	    #D8D5D6	    #35364B
069 	Bellsprout	üíö GREEN 	20,26,16	09,20,11	    #CED2CA	    #D4D7D1	    #2A3C2C
070 	Weepinbell	üíö GREEN 	20,26,16	09,20,11	    #CED2CA	    #D4D7D1	    #2A3C2C
071 	Victreebel	üíö GREEN 	20,26,16	09,20,11	    #CED2CA	    #D4D7D1	    #2A3C2C
072 	Tentacool 	ü©µ CYAN  	21,25,29	14,19,25	    #CBD1D8	    #D2D7DC	    #29394C
073 	Tentacruel	ü©µ CYAN  	21,25,29	14,19,25	    #CBD1D8	    #D2D7DC	    #29394C
074 	Geodude   	ü©∂ GRAY  	26,21,22	15,15,18	    #D4CFD0	    #D8D5D6	    #35364B
075 	Graveler  	ü©∂ GRAY  	26,21,22	15,15,18	    #D4CFD0	    #D8D5D6	    #35364B
076 	Golem     	ü©∂ GRAY  	26,21,22	15,15,18	    #D4CFD0	    #D8D5D6	    #35364B
077 	Ponyta    	‚ù§Ô∏è RED   	31,20,10	26,10,06	    #D7CFC9	    #DBD5D1	    #4F3026
078 	Rapidash  	‚ù§Ô∏è RED   	31,20,10	26,10,06	    #D7CFC9	    #DBD5D1	    #4F3026
079 	Slowpoke  	ü©∑ PINK  	30,22,24	28,15,21	    #D8CED0	    #DCD4D6	    #4A303B
080 	Slowbro   	ü©∑ PINK  	30,22,24	28,15,21	    #D8CED0	    #DCD4D6	    #4A303B
081 	Magnemite 	ü©∂ GRAY  	26,21,22	15,15,18	    #D4CFD0	    #D8D5D6	    #35364B
082 	Magneton  	ü©∂ GRAY  	26,21,22	15,15,18	    #D4CFD0	    #D8D5D6	    #35364B
083 	Farfetch'd	ü§é BROWN 	28,20,15	21,14,09	    #D7CFCA	    #DBD5D1	    #473427
084 	Doduo     	ü§é BROWN 	28,20,15	21,14,09	    #D7CFCA	    #DBD5D1	    #473427
085 	Dodrio    	ü§é BROWN 	28,20,15	21,14,09	    #D7CFCA	    #DBD5D1	    #473427
086 	Seel      	üíô BLUE  	18,20,27	11,15,23	    #CFD0D8	    #D4D6DC	    #2F374C
087 	Dewgong   	üíô BLUE  	18,20,27	11,15,23	    #CFD0D8	    #D4D6DC	    #2F374C
088 	Grimer    	üíú PURPLE	27,22,24	21,15,23	    #D8CED2	    #DBD4D7	    #413345
089 	Muk       	üíú PURPLE	27,22,24	21,15,23	    #D8CED2	    #DBD4D7	    #413345
090 	Shellder  	ü©∂ GRAY  	26,21,22	15,15,18	    #D4CFD0	    #D8D5D6	    #35364B
091 	Cloyster  	ü©∂ GRAY  	26,21,22	15,15,18	    #D4CFD0	    #D8D5D6	    #35364B
092 	Gastly    	üíú PURPLE	27,22,24	21,15,23	    #D8CED2	    #DBD4D7	    #413345
093 	Haunter   	üíú PURPLE	27,22,24	21,15,23	    #D8CED2	    #DBD4D7	    #413345
094 	Gengar    	üíú PURPLE	27,22,24	21,15,23	    #D8CED2	    #DBD4D7	    #413345
095 	Onix      	ü©∂ GRAY  	26,21,22	15,15,18	    #D4CFD0	    #D8D5D6	    #35364B
096 	Drowzee   	üíõ YELLOW	31,28,14	26,20,00	    #D3D0C9	    #D8D6D0	    #493C22
097 	Hypno     	üíõ YELLOW	31,28,14	26,20,00	    #D3D0C9	    #D8D6D0	    #493C22
098 	Krabby    	‚ù§Ô∏è RED   	31,20,10	26,10,06	    #D7CFC9	    #DBD5D1	    #4F3026
099 	Kingler   	‚ù§Ô∏è RED   	31,20,10	26,10,06	    #D7CFC9	    #DBD5D1	    #4F3026
100 	Voltorb   	üíõ YELLOW	31,28,14	26,20,00	    #D3D0C9	    #D8D6D0	    #493C22
101 	Electrode 	üíõ YELLOW	31,28,14	26,20,00	    #D3D0C9	    #D8D6D0	    #493C22
102 	Exeggcute 	ü©∑ PINK  	30,22,24	28,15,21	    #D8CED0	    #DCD4D6	    #4A303B
103 	Exeggutor 	üíö GREEN 	20,26,16	09,20,11	    #CED2CA	    #D4D7D1	    #2A3C2C
104 	Cubone    	ü©∂ GRAY  	26,21,22	15,15,18	    #D4CFD0	    #D8D5D6	    #35364B
105 	Marowak   	ü©∂ GRAY  	26,21,22	15,15,18	    #D4CFD0	    #D8D5D6	    #35364B
106 	Hitmonlee 	ü§é BROWN 	28,20,15	21,14,09	    #D7CFCA	    #DBD5D1	    #473427
107 	Hitmonchan	ü§é BROWN 	28,20,15	21,14,09	    #D7CFCA	    #DBD5D1	    #473427
108 	Lickitung 	ü©∑ PINK  	30,22,24	28,15,21	    #D8CED0	    #DCD4D6	    #4A303B
109 	Koffing   	üíú PURPLE	27,22,24	21,15,23	    #D8CED2	    #DBD4D7	    #413345
110 	Weezing   	üíú PURPLE	27,22,24	21,15,23	    #D8CED2	    #DBD4D7	    #413345
111 	Rhyhorn   	ü©∂ GRAY  	26,21,22	15,15,18	    #D4CFD0	    #D8D5D6	    #35364B
112 	Rhydon    	ü©∂ GRAY  	26,21,22	15,15,18	    #D4CFD0	    #D8D5D6	    #35364B
113 	Chansey   	ü©∑ PINK  	30,22,24	28,15,21	    #D8CED0	    #DCD4D6	    #4A303B
114 	Tangela   	üíô BLUE  	18,20,27	11,15,23	    #CFD0D8	    #D4D6DC	    #2F374C
115 	Kangaskhan	ü§é BROWN 	28,20,15	21,14,09	    #D7CFCA	    #DBD5D1	    #473427
116 	Horsea    	ü©µ CYAN  	21,25,29	14,19,25	    #CBD1D8	    #D2D7DC	    #29394C
117 	Seadra    	ü©µ CYAN  	21,25,29	14,19,25	    #CBD1D8	    #D2D7DC	    #29394C
118 	Goldeen   	‚ù§Ô∏è RED   	31,20,10	26,10,06	    #D7CFC9	    #DBD5D1	    #4F3026
119 	Seaking   	‚ù§Ô∏è RED   	31,20,10	26,10,06	    #D7CFC9	    #DBD5D1	    #4F3026
120 	Staryu    	‚ù§Ô∏è RED   	31,20,10	26,10,06	    #D7CFC9	    #DBD5D1	    #4F3026
121 	Starmie   	ü©∂ GRAY  	26,21,22	15,15,18	    #D4CFD0	    #D8D5D6	    #35364B
122 	Mr. Mime  	ü©∑ PINK  	30,22,24	28,15,21	    #D8CED0	    #DCD4D6	    #4A303B
123 	Scyther   	üíö GREEN 	20,26,16	09,20,11	    #CED2CA	    #D4D7D1	    #2A3C2C
124 	Jynx      	üíñ MEW   	30,22,17	16,14,19	    #D7CFCA	    #DBD5D1	    #3E3253
125 	Electabuzz	üíõ YELLOW	31,28,14	26,20,00	    #D3D0C9	    #D8D6D0	    #493C22
126 	Magmar    	‚ù§Ô∏è RED   	31,20,10	26,10,06	    #D7CFC9	    #DBD5D1	    #4F3026
127 	Pinsir    	ü§é BROWN 	28,20,15	21,14,09	    #D7CFCA	    #DBD5D1	    #473427
128 	Tauros    	ü©∂ GRAY  	26,21,22	15,15,18	    #D4CFD0	    #D8D5D6	    #35364B
129 	Magikarp  	‚ù§Ô∏è RED   	31,20,10	26,10,06	    #D7CFC9	    #DBD5D1	    #4F3026
130 	Gyarados  	üíô BLUE  	18,20,27	11,15,23	    #CFD0D8	    #D4D6DC	    #2F374C
131 	Lapras    	ü©µ CYAN  	21,25,29	14,19,25	    #CBD1D8	    #D2D7DC	    #29394C
132 	Ditto     	ü©∂ GRAY  	26,21,22	15,15,18	    #D4CFD0	    #D8D5D6	    #35364B
133 	Eevee     	ü©∂ GRAY  	26,21,22	15,15,18	    #D4CFD0	    #D8D5D6	    #35364B
134 	Vaporeon  	ü©µ CYAN  	21,25,29	14,19,25	    #CBD1D8	    #D2D7DC	    #29394C
135 	Jolteon   	üíõ YELLOW	31,28,14	26,20,00	    #D3D0C9	    #D8D6D0	    #493C22
136 	Flareon   	‚ù§Ô∏è RED   	31,20,10	26,10,06	    #D7CFC9	    #DBD5D1	    #4F3026
137 	Porygon   	ü©∂ GRAY  	26,21,22	15,15,18	    #D4CFD0	    #D8D5D6	    #35364B
138 	Omanyte   	üíô BLUE  	18,20,27	11,15,23	    #CFD0D8	    #D4D6DC	    #2F374C
139 	Omastar   	üíô BLUE  	18,20,27	11,15,23	    #CFD0D8	    #D4D6DC	    #2F374C
140 	Kabuto    	ü§é BROWN 	28,20,15	21,14,09	    #D7CFCA	    #DBD5D1	    #473427
141 	Kabutops  	ü§é BROWN 	28,20,15	21,14,09	    #D7CFCA	    #DBD5D1	    #473427
142 	Aerodactyl	ü©∂ GRAY  	26,21,22	15,15,18	    #D4CFD0	    #D8D5D6	    #35364B
143 	Snorlax   	ü©∑ PINK  	30,22,24	28,15,21	    #D8CED0	    #DCD4D6	    #4A303B
144 	Articuno  	üíô BLUE  	18,20,27	11,15,23	    #CFD0D8	    #D4D6DC	    #2F374C
145 	Zapdos    	üíõ YELLOW	31,28,14	26,20,00	    #D3D0C9	    #D8D6D0	    #493C22
146 	Moltres   	‚ù§Ô∏è RED   	31,20,10	26,10,06	    #D7CFC9	    #DBD5D1	    #4F3026
147 	Dratini   	ü©∂ GRAY  	26,21,22	15,15,18	    #D4CFD0	    #D8D5D6	    #35364B
148 	Dragonair 	üíô BLUE  	18,20,27	11,15,23	    #CFD0D8	    #D4D6DC	    #2F374C
149 	Dragonite 	ü§é BROWN 	28,20,15	21,14,09	    #D7CFCA	    #DBD5D1	    #473427
150 	Mewtwo    	üíñ MEW   	30,22,17	16,14,19	    #D7CFCA	    #DBD5D1	    #3E3253
151 	Mew       	üíñ MEW   	30,22,17	16,14,19	    #D7CFCA	    #DBD5D1	    #3E3253
